Name,Email,Created at,Total,Referring Site,Landing Site
#10001,customer16@example.com,2024-01-01 00:46:08,48.73,https://www.google.com/,/collections/all?utm_source=google&utm_medium=organic
#10002,customer114@example.com,2024-01-01 11:57:22,135.17,,/collections/all
#10003,customer52@example.com,2024-01-01 06:37:35,68.68,,/collections/all
#10004,customer103@example.com,2024-01-01 22:58:52,52.22,https://www.google.com/,/collections/all?utm_source=google&utm_medium=cpc&gclid=gc27773
#10005,customer55@example.com,2024-01-01 07:57:55,165.89,https://www.facebook.com/,/collections/all?utm_source=facebook&utm_medium=paid&fbclid=fb23526
#10006,customer38@example.com,2024-01-01 17:19:10,105.53,https://www.google.com/,/collections/all?utm_source=google&utm_medium=cpc&gclid=gc27398
#10007,customer195@example.com,2024-01-01 02:16:55,94.33,https://www.google.com/,/collections/all?utm_source=google&utm_medium=cpc&gclid=gc93493
#10008,customer39@example.com,2024-01-01 18:10:24,87.86,https://l.facebook.com/,/collections/all?utm_source=facebook&utm_medium=paid&fbclid=fb58371
#10009,customer123@example.com,2024-01-01 07:42:05,154.62,https://www.google.com/,/collections/all?utm_source=google&utm_medium=cpc&gclid=gc64691
#10010,customer114@example.com,2024-01-01 00:10:12,170.05,https://www.facebook.com/,/collections/all?utm_source=facebook&utm_medium=paid&fbclid=fb94599
#10011,customer173@example.com,2024-01-01 11:55:18,30.6,https://www.facebook.com/,/collections/all?utm_source=facebook&utm_medium=paid&fbclid=fb84282
#10012,customer112@example.com,2024-01-01 06:24:36,25.11,https://www.google.com/,/collections/all?utm_source=google&utm_medium=cpc&gclid=gc66732
#10013,customer131@example.com,2024-01-01 19:55:29,60.67,https://www.facebook.com/,/collections/all?utm_source=facebook&utm_medium=paid&fbclid=fb33885
#10014,customer31@example.com,2024-01-01 00:16:45,130.01,https://www.google.com/,/collections/all?utm_source=google&utm_medium=cpc&gclid=gc91305
#10015,customer103@example.com,2024-01-01 23:54:21,140.89,https://www.google.com/,/collections/all?utm_source=google&utm_medium=cpc&gclid=gc46790
#10016,customer189@example.com,2024-01-01 05:21:16,42.43,https://l.facebook.com/,/collections/all?utm_source=facebook&utm_medium=paid&fbclid=fb20658
#10017,customer168@example.com,2024-01-01 18:29:13,101.09,https://www.facebook.com/,/collections/all?utm_source=facebook&utm_medium=paid&fbclid=fb79403
#10018,customer186@example.com,2024-01-02 01:23:14,93.83,,/collections/all
#10019,customer108@example.com,2024-01-02 16:25:17,111.24,https://www.google.com/,/collections/all?utm_source=google&utm_medium=organic
#10020,customer135@example.com,2024-01-02 00:22:45,32.23,,/collections/all
#10021,customer189@example.com,2024-01-02 21:06:45,98.98,https://www.google.com/,/collections/all?utm_source=google&utm_medium=cpc&gclid=gc70240
#10022,customer166@example.com,2024-01-02 00:49:43,137.14,https://www.google.com/,/collections/all?utm_source=google&utm_medium=cpc&gclid=gc12692
#10023,customer55@example.com,2024-01-02 09:29:53,141.52,https://www.google.com/,/collections/all?utm_source=google&utm_medium=cpc&gclid=gc46635
#10024,customer19@example.com,2024-01-02 06:15:22,165.18,https://www.google.com/,/collections/all?utm_source=google&utm_medium=cpc&gclid=gc64062
#10025,customer86@example.com,2024-01-02 11:29:13,92.55,https://l.facebook.com/,/collections/all?utm_source=facebook&utm_medium=paid&fbclid=fb30713
#10026,customer18@example.com,2024-01-02 19:27:53,148.92,https://www.google.com/,/collections/all?utm_source=google&utm_medium=cpc&gclid=gc78703
#10027,customer9@example.com,2024-01-03 19:17:55,104.78,,/collections/all
#10028,customer19@example.com,2024-01-03 21:27:57,31.33,,/collections/all
#10029,customer177@example.com,2024-01-03 10:00:36,26.98,https://www.google.com/,/collections/all?utm_source=google&utm_medium=organic
#10030,customer35@example.com,2024-01-03 15:02:46,125.51,https://www.google.com/,/collections/all?utm_source=google&utm_medium=cpc&gclid=gc81185
#10031,customer122@example.com,2024-01-03 00:54:19,56.19,https://www.google.com/,/collections/all?utm_source=google&utm_medium=cpc&gclid=gc71832
#10032,customer161@example.com,2024-01-04 07:49:48,78.32,,/collections/all
#10033,customer65@example.com,2024-01-04 10:19:32,163.8,,/collections/all
#10034,customer135@example.com,2024-01-04 11:47:15,36.07,,/collections/all
#10035,customer130@example.com,2024-01-04 03:06:14,61.71,https://l.facebook.com/,/collections/all?utm_source=facebook&utm_medium=paid&fbclid=fb80565
#10036,customer65@example.com,2024-01-04 02:57:13,146.61,https://www.google.com/,/collections/all?utm_source=google&utm_medium=cpc&gclid=gc40693
#10037,customer31@example.com,2024-01-04 01:35:55,92.64,https://www.google.com/,/collections/all?utm_source=google&utm_medium=cpc&gclid=gc66799
#10038,customer47@example.com,2024-01-04 13:33:44,91.88,https://www.google.com/,/collections/all?utm_source=google&utm_medium=cpc&gclid=gc18219
#10039,customer113@example.com,2024-01-04 10:39:00,50.89,https://www.google.com/,/collections/all?utm_source=google&utm_medium=cpc&gclid=gc58898
#10040,customer192@example.com,2024-01-04 13:50:32,146.33,https://l.facebook.com/,/collections/all?utm_source=facebook&utm_medium=paid&fbclid=fb71564
#10041,customer135@example.com,2024-01-04 17:46:04,166.75,https://www.google.com/,/collections/all?utm_source=google&utm_medium=cpc&gclid=gc37741
#10042,customer160@example.com,2024-01-04 14:15:40,96.89,https://www.google.com/,/collections/all?utm_source=google&utm_medium=cpc&gclid=gc68443
#10043,customer91@example.com,2024-01-04 09:47:23,97.09,https://www.google.com/,/collections/all?utm_source=google&utm_medium=cpc&gclid=gc43363
#10044,customer163@example.com,2024-01-05 01:54:00,123.92,,/collections/all
#10045,customer1@example.com,2024-01-05 11:10:42,157.3,,/collections/all
#10046,customer102@example.com,2024-01-05 13:54:56,91.95,,/collections/all
#10047,customer79@example.com,2024-01-05 07:13:25,39.1,https://www.google.com/,/collections/all?utm_source=google&utm_medium=cpc&gclid=gc87286
#10048,customer41@example.com,2024-01-05 08:14:19,130.84,https://l.facebook.com/,/collections/all?utm_source=facebook&utm_medium=paid&fbclid=fb64801
#10049,customer128@example.com,2024-01-05 16:56:33,142.72,https://l.facebook.com/,/collections/all?utm_source=facebook&utm_medium=paid&fbclid=fb12266
#10050,customer42@example.com,2024-01-05 09:48:46,99.7,https://www.google.com/,/collections/all?utm_source=google&utm_medium=cpc&gclid=gc52408
#10051,customer60@example.com,2024-01-05 01:48:08,91.38,https://www.google.com/,/collections/all?utm_source=google&utm_medium=cpc&gclid=gc29353
#10052,customer100@example.com,2024-01-05 02:45:38,92.48,https://l.facebook.com/,/collections/all?utm_source=facebook&utm_medium=paid&fbclid=fb64269
#10053,customer84@example.com,2024-01-05 11:04:43,98.5,https://www.facebook.com/,/collections/all?utm_source=facebook&utm_medium=paid&fbclid=fb50010
#10054,customer5@example.com,2024-01-05 08:35:33,171.97,https://www.google.com/,/collections/all?utm_source=google&utm_medium=cpc&gclid=gc36577
#10055,customer57@example.com,2024-01-06 08:19:38,126.68,,/collections/all
#10056,customer16@example.com,2024-01-06 20:22:32,129.45,https://www.google.com/,/collections/all?utm_source=google&utm_medium=organic
#10057,customer189@example.com,2024-01-06 09:33:31,115.46,,/collections/all
#10058,customer18@example.com,2024-01-06 22:09:21,123.83,https://www.google.com/,/collections/all?utm_source=google&utm_medium=cpc&gclid=gc99320
#10059,customer178@example.com,2024-01-06 14:13:47,104.88,https://www.google.com/,/collections/all?utm_source=google&utm_medium=cpc&gclid=gc61991
#10060,customer26@example.com,2024-01-07 15:19:25,120.05,,/collections/all
#10061,customer132@example.com,2024-01-07 13:14:48,59.43,https://www.google.com/,/collections/all?utm_source=google&utm_medium=organic
#10062,customer165@example.com,2024-01-07 17:27:56,55.88,https://www.google.com/,/collections/all?utm_source=google&utm_medium=organic
#10063,customer58@example.com,2024-01-07 11:27:15,75.19,https://l.facebook.com/,/collections/all?utm_source=facebook&utm_medium=paid&fbclid=fb38494
#10064,customer6@example.com,2024-01-07 13:10:03,136.52,https://www.facebook.com/,/collections/all?utm_source=facebook&utm_medium=paid&fbclid=fb11984
#10065,customer113@example.com,2024-01-07 23:20:47,83.92,https://www.facebook.com/,/collections/all?utm_source=facebook&utm_medium=paid&fbclid=fb74097
#10066,customer37@example.com,2024-01-07 10:05:01,100.02,https://www.google.com/,/collections/all?utm_source=google&utm_medium=cpc&gclid=gc22018
#10067,customer155@example.com,2024-01-08 15:05:06,77.04,,/collections/all
#10068,customer102@example.com,2024-01-08 17:13:01,166.83,,/collections/all
#10069,customer99@example.com,2024-01-08 07:24:43,133.03,https://www.google.com/,/collections/all?utm_source=google&utm_medium=organic
#10070,customer127@example.com,2024-01-08 18:47:45,153.42,https://l.facebook.com/,/collections/all?utm_source=facebook&utm_medium=paid&fbclid=fb88824
#10071,customer135@example.com,2024-01-08 06:00:32,92.3,https://l.facebook.com/,/collections/all?utm_source=facebook&utm_medium=paid&fbclid=fb35029
#10072,customer167@example.com,2024-01-08 01:02:34,84.39,https://www.google.com/,/collections/all?utm_source=google&utm_medium=cpc&gclid=gc36482
#10073,customer113@example.com,2024-01-08 09:29:19,99.92,https://www.google.com/,/collections/all?utm_source=google&utm_medium=cpc&gclid=gc44944
#10074,customer21@example.com,2024-01-08 04:47:58,137.79,https://www.google.com/,/collections/all?utm_source=google&utm_medium=cpc&gclid=gc72978
#10075,customer191@example.com,2024-01-08 06:32:06,155.19,https://www.facebook.com/,/collections/all?utm_source=facebook&utm_medium=paid&fbclid=fb74425
#10076,customer24@example.com,2024-01-09 13:54:45,105.26,,/collections/all
#10077,customer173@example.com,2024-01-09 23:19:31,109.07,https://www.google.com/,/collections/all?utm_source=google&utm_medium=organic
#10078,customer150@example.com,2024-01-09 08:34:01,98.35,,/collections/all
#10079,customer112@example.com,2024-01-09 21:06:08,140.83,https://www.facebook.com/,/collections/all?utm_source=facebook&utm_medium=paid&fbclid=fb77345
#10080,customer119@example.com,2024-01-09 10:46:38,77.44,https://www.google.com/,/collections/all?utm_source=google&utm_medium=cpc&gclid=gc94976
#10081,customer24@example.com,2024-01-09 03:46:06,86.57,https://www.facebook.com/,/collections/all?utm_source=facebook&utm_medium=paid&fbclid=fb76743
#10082,customer145@example.com,2024-01-10 15:16:59,173.54,,/collections/all
#10083,customer5@example.com,2024-01-10 18:47:22,70.83,,/collections/all
#10084,customer99@example.com,2024-01-10 04:51:46,102.0,https://www.google.com/,/collections/all?utm_source=google&utm_medium=organic
#10085,customer192@example.com,2024-01-10 19:34:30,153.13,https://l.facebook.com/,/collections/all?utm_source=facebook&utm_medium=paid&fbclid=fb99755
#10086,customer58@example.com,2024-01-10 21:45:09,101.92,https://www.google.com/,/collections/all?utm_source=google&utm_medium=cpc&gclid=gc89706
#10087,customer16@example.com,2024-01-10 12:12:56,84.17,https://www.facebook.com/,/collections/all?utm_source=facebook&utm_medium=paid&fbclid=fb86598
#10088,customer191@example.com,2024-01-10 14:47:04,60.06,https://www.google.com/,/collections/all?utm_source=google&utm_medium=cpc&gclid=gc21867
#10089,customer91@example.com,2024-01-10 16:00:02,110.55,https://www.google.com/,/collections/all?utm_source=google&utm_medium=cpc&gclid=gc36956
#10090,customer186@example.com,2024-01-10 23:33:10,95.49,https://l.facebook.com/,/collections/all?utm_source=facebook&utm_medium=paid&fbclid=fb48850
#10091,customer180@example.com,2024-01-10 15:30:03,145.61,https://www.facebook.com/,/collections/all?utm_source=facebook&utm_medium=paid&fbclid=fb24452
#10092,customer156@example.com,2024-01-10 18:55:48,42.94,https://www.google.com/,/collections/all?utm_source=google&utm_medium=cpc&gclid=gc22064
#10093,customer169@example.com,2024-01-11 16:20:03,163.32,,/collections/all
#10094,customer94@example.com,2024-01-11 02:39:09,36.42,https://www.google.com/,/collections/all?utm_source=google&utm_medium=organic
#10095,customer24@example.com,2024-01-12 12:36:11,110.63,,/collections/all
#10096,customer196@example.com,2024-01-12 15:23:39,29.73,,/collections/all
#10097,customer22@example.com,2024-01-12 13:00:07,53.64,,/collections/all
#10098,customer6@example.com,2024-01-13 03:45:49,136.01,,/collections/all
#10099,customer151@example.com,2024-01-13 07:46:48,132.96,https://www.google.com/,/collections/all?utm_source=google&utm_medium=organic
#10100,customer19@example.com,2024-01-13 00:20:37,46.58,https://www.google.com/,/collections/all?utm_source=google&utm_medium=organic
#10101,customer174@example.com,2024-01-14 18:40:16,31.31,,/collections/all
#10102,customer15@example.com,2024-01-14 22:10:01,105.28,,/collections/all
#10103,customer127@example.com,2024-01-14 23:05:27,72.11,https://www.google.com/,/collections/all?utm_source=google&utm_medium=organic
#10104,customer184@example.com,2024-01-14 07:04:55,29.89,,/collections/all
#10105,customer116@example.com,2024-01-15 21:28:57,121.15,,/collections/all
#10106,customer105@example.com,2024-01-15 05:24:51,38.36,,/collections/all
#10107,customer113@example.com,2024-01-16 21:05:42,150.48,https://www.google.com/,/collections/all?utm_source=google&utm_medium=organic
#10108,customer52@example.com,2024-01-16 01:30:12,123.54,,/collections/all
#10109,customer48@example.com,2024-01-16 10:31:45,107.01,,/collections/all
#10110,customer155@example.com,2024-01-16 21:17:39,75.0,https://www.facebook.com/,/collections/all?utm_source=facebook&utm_medium=paid&fbclid=fb10730
#10111,customer46@example.com,2024-01-16 00:04:54,174.77,https://www.google.com/,/collections/all?utm_source=google&utm_medium=cpc&gclid=gc40186
#10112,customer152@example.com,2024-01-16 21:00:13,97.17,https://www.facebook.com/,/collections/all?utm_source=facebook&utm_medium=paid&fbclid=fb79648
#10113,customer65@example.com,2024-01-16 20:40:08,46.8,https://www.google.com/,/collections/all?utm_source=google&utm_medium=cpc&gclid=gc13099
#10114,customer163@example.com,2024-01-16 13:32:40,170.4,https://l.facebook.com/,/collections/all?utm_source=facebook&utm_medium=paid&fbclid=fb45729
#10115,customer39@example.com,2024-01-16 11:20:24,85.98,https://l.facebook.com/,/collections/all?utm_source=facebook&utm_medium=paid&fbclid=fb84470
#10116,customer7@example.com,2024-01-16 21:51:07,60.44,https://l.facebook.com/,/collections/all?utm_source=facebook&utm_medium=paid&fbclid=fb63810
#10117,customer188@example.com,2024-01-16 09:44:52,82.24,https://www.google.com/,/collections/all?utm_source=google&utm_medium=cpc&gclid=gc75895
#10118,customer169@example.com,2024-01-16 10:48:46,111.39,https://l.facebook.com/,/collections/all?utm_source=facebook&utm_medium=paid&fbclid=fb77074
#10119,customer175@example.com,2024-01-16 03:31:27,179.44,https://l.facebook.com/,/collections/all?utm_source=facebook&utm_medium=paid&fbclid=fb67497
#10120,customer164@example.com,2024-01-16 18:03:21,96.66,https://www.google.com/,/collections/all?utm_source=google&utm_medium=cpc&gclid=gc58244
#10121,customer6@example.com,2024-01-16 00:32:26,164.14,https://l.facebook.com/,/collections/all?utm_source=facebook&utm_medium=paid&fbclid=fb87556
#10122,customer62@example.com,2024-01-16 09:34:56,66.97,https://www.google.com/,/collections/all?utm_source=google&utm_medium=cpc&gclid=gc56956
#10123,customer42@example.com,2024-01-17 18:01:58,75.89,,/collections/all
#10124,customer14@example.com,2024-01-17 02:27:42,142.86,,/collections/all
#10125,customer80@example.com,2024-01-17 21:01:57,90.75,https://www.google.com/,/collections/all?utm_source=google&utm_medium=organic
#10126,customer29@example.com,2024-01-17 12:58:16,33.5,https://www.google.com/,/collections/all?utm_source=google&utm_medium=cpc&gclid=gc76022
#10127,customer60@example.com,2024-01-17 16:49:37,95.74,https://www.google.com/,/collections/all?utm_source=google&utm_medium=cpc&gclid=gc18417
#10128,customer19@example.com,2024-01-17 11:02:53,148.91,https://l.facebook.com/,/collections/all?utm_source=facebook&utm_medium=paid&fbclid=fb89954
#10129,customer167@example.com,2024-01-17 22:24:50,156.59,https://www.facebook.com/,/collections/all?utm_source=facebook&utm_medium=paid&fbclid=fb44739
#10130,customer165@example.com,2024-01-17 22:05:51,144.29,https://www.facebook.com/,/collections/all?utm_source=facebook&utm_medium=paid&fbclid=fb54191
#10131,customer143@example.com,2024-01-17 23:14:47,138.12,https://www.facebook.com/,/collections/all?utm_source=facebook&utm_medium=paid&fbclid=fb41201
#10132,customer157@example.com,2024-01-17 20:47:56,48.4,https://www.facebook.com/,/collections/all?utm_source=facebook&utm_medium=paid&fbclid=fb15066
#10133,customer161@example.com,2024-01-17 12:12:44,29.16,https://www.google.com/,/collections/all?utm_source=google&utm_medium=cpc&gclid=gc23028
#10134,customer33@example.com,2024-01-18 15:05:05,57.71,,/collections/all
#10135,customer24@example.com,2024-01-18 16:44:32,90.61,,/collections/all
#10136,customer89@example.com,2024-01-18 05:58:51,69.92,,/collections/all
#10137,customer133@example.com,2024-01-18 04:17:19,65.99,https://www.facebook.com/,/collections/all?utm_source=facebook&utm_medium=paid&fbclid=fb88768
#10138,customer50@example.com,2024-01-18 00:35:18,123.74,https://www.google.com/,/collections/all?utm_source=google&utm_medium=cpc&gclid=gc99209
#10139,customer48@example.com,2024-01-18 20:06:38,59.36,https://www.facebook.com/,/collections/all?utm_source=facebook&utm_medium=paid&fbclid=fb60977
#10140,customer76@example.com,2024-01-18 11:21:38,49.64,https://l.facebook.com/,/collections/all?utm_source=facebook&utm_medium=paid&fbclid=fb12214
#10141,customer68@example.com,2024-01-18 22:34:53,111.91,https://www.google.com/,/collections/all?utm_source=google&utm_medium=cpc&gclid=gc78950
#10142,customer129@example.com,2024-01-18 06:24:50,82.42,https://www.facebook.com/,/collections/all?utm_source=facebook&utm_medium=paid&fbclid=fb78673
#10143,customer167@example.com,2024-01-19 16:24:51,146.11,,/collections/all
#10144,customer112@example.com,2024-01-19 01:43:24,114.67,https://www.google.com/,/collections/all?utm_source=google&utm_medium=organic
#10145,customer100@example.com,2024-01-19 18:09:09,95.28,,/collections/all
#10146,customer160@example.com,2024-01-19 04:02:08,95.21,https://l.facebook.com/,/collections/all?utm_source=facebook&utm_medium=paid&fbclid=fb95250
#10147,customer44@example.com,2024-01-19 11:35:57,72.05,https://www.google.com/,/collections/all?utm_source=google&utm_medium=cpc&gclid=gc62538
#10148,customer176@example.com,2024-01-19 21:22:23,152.38,https://l.facebook.com/,/collections/all?utm_source=facebook&utm_medium=paid&fbclid=fb16870
#10149,customer132@example.com,2024-01-19 21:05:54,77.87,https://www.google.com/,/collections/all?utm_source=google&utm_medium=cpc&gclid=gc66690
#10150,customer46@example.com,2024-01-20 07:37:47,109.59,,/collections/all
#10151,customer187@example.com,2024-01-20 23:21:09,142.42,https://www.google.com/,/collections/all?utm_source=google&utm_medium=organic
#10152,customer91@example.com,2024-01-20 19:14:54,87.3,https://www.google.com/,/collections/all?utm_source=google&utm_medium=organic
#10153,customer38@example.com,2024-01-20 22:11:25,27.68,https://www.google.com/,/collections/all?utm_source=google&utm_medium=cpc&gclid=gc80903
#10154,customer169@example.com,2024-01-20 02:08:54,169.63,https://www.facebook.com/,/collections/all?utm_source=facebook&utm_medium=paid&fbclid=fb42639
#10155,customer1@example.com,2024-01-20 09:12:31,60.47,https://www.facebook.com/,/collections/all?utm_source=facebook&utm_medium=paid&fbclid=fb58619
#10156,customer6@example.com,2024-01-20 08:50:11,67.87,https://www.google.com/,/collections/all?utm_source=google&utm_medium=cpc&gclid=gc63173
#10157,customer1@example.com,2024-01-20 23:58:21,105.04,https://l.facebook.com/,/collections/all?utm_source=facebook&utm_medium=paid&fbclid=fb64509
#10158,customer195@example.com,2024-01-20 07:38:19,164.06,https://www.google.com/,/collections/all?utm_source=google&utm_medium=cpc&gclid=gc31488
#10159,customer31@example.com,2024-01-20 17:00:24,105.18,https://www.facebook.com/,/collections/all?utm_source=facebook&utm_medium=paid&fbclid=fb25083
#10160,customer42@example.com,2024-01-20 04:38:23,126.24,https://www.google.com/,/collections/all?utm_source=google&utm_medium=cpc&gclid=gc58890
#10161,customer128@example.com,2024-01-21 03:14:29,148.85,,/collections/all
#10162,customer53@example.com,2024-01-21 00:16:47,81.42,https://www.google.com/,/collections/all?utm_source=google&utm_medium=organic
#10163,customer187@example.com,2024-01-21 02:00:32,171.33,,/collections/all
#10164,customer45@example.com,2024-01-21 20:35:29,54.66,https://www.facebook.com/,/collections/all?utm_source=facebook&utm_medium=paid&fbclid=fb60270
#10165,customer66@example.com,2024-01-22 21:23:04,33.08,,/collections/all
#10166,customer152@example.com,2024-01-22 01:32:32,108.14,https://www.google.com/,/collections/all?utm_source=google&utm_medium=organic
#10167,customer32@example.com,2024-01-22 14:51:05,47.58,,/collections/all
#10168,customer196@example.com,2024-01-22 12:37:16,98.4,https://l.facebook.com/,/collections/all?utm_source=facebook&utm_medium=paid&fbclid=fb11106
#10169,customer103@example.com,2024-01-22 11:10:01,71.91,https://www.facebook.com/,/collections/all?utm_source=facebook&utm_medium=paid&fbclid=fb36499
#10170,customer101@example.com,2024-01-22 05:17:04,129.13,https://www.google.com/,/collections/all?utm_source=google&utm_medium=cpc&gclid=gc31758
#10171,customer137@example.com,2024-01-22 20:34:30,66.62,https://l.facebook.com/,/collections/all?utm_source=facebook&utm_medium=paid&fbclid=fb50403
#10172,customer67@example.com,2024-01-23 19:48:26,74.84,https://www.google.com/,/collections/all?utm_source=google&utm_medium=organic
#10173,customer71@example.com,2024-01-23 03:59:33,40.62,https://www.google.com/,/collections/all?utm_source=google&utm_medium=organic
#10174,customer85@example.com,2024-01-23 09:09:27,83.59,,/collections/all
#10175,customer27@example.com,2024-01-23 20:07:24,125.0,https://www.google.com/,/collections/all?utm_source=google&utm_medium=cpc&gclid=gc40290
#10176,customer32@example.com,2024-01-24 11:16:27,89.78,,/collections/all
#10177,customer163@example.com,2024-01-24 09:05:20,36.51,,/collections/all
#10178,customer30@example.com,2024-01-24 20:51:52,116.13,,/collections/all
#10179,customer190@example.com,2024-01-24 12:55:53,138.85,https://www.google.com/,/collections/all?utm_source=google&utm_medium=cpc&gclid=gc49575
#10180,customer198@example.com,2024-01-24 09:26:58,123.43,https://www.google.com/,/collections/all?utm_source=google&utm_medium=cpc&gclid=gc65558
#10181,customer142@example.com,2024-01-24 21:36:25,158.83,https://www.google.com/,/collections/all?utm_source=google&utm_medium=cpc&gclid=gc54556
#10182,customer99@example.com,2024-01-24 00:14:34,135.76,https://www.facebook.com/,/collections/all?utm_source=facebook&utm_medium=paid&fbclid=fb95766
#10183,customer42@example.com,2024-01-24 04:13:52,57.61,https://www.google.com/,/collections/all?utm_source=google&utm_medium=cpc&gclid=gc52245
#10184,customer135@example.com,2024-01-24 05:07:56,70.08,https://www.google.com/,/collections/all?utm_source=google&utm_medium=cpc&gclid=gc42458
#10185,customer53@example.com,2024-01-24 06:19:00,161.29,https://www.facebook.com/,/collections/all?utm_source=facebook&utm_medium=paid&fbclid=fb83809
#10186,customer199@example.com,2024-01-24 06:24:40,41.46,https://www.google.com/,/collections/all?utm_source=google&utm_medium=cpc&gclid=gc64137
#10187,customer89@example.com,2024-01-25 16:52:11,66.1,https://www.google.com/,/collections/all?utm_source=google&utm_medium=organic
#10188,customer196@example.com,2024-01-25 06:58:14,42.52,,/collections/all
#10189,customer62@example.com,2024-01-25 23:34:05,40.79,,/collections/all
#10190,customer174@example.com,2024-01-26 08:20:39,85.36,,/collections/all
#10191,customer187@example.com,2024-01-26 13:11:24,56.54,,/collections/all
#10192,customer55@example.com,2024-01-26 01:12:44,115.11,https://www.google.com/,/collections/all?utm_source=google&utm_medium=organic
#10193,customer49@example.com,2024-01-26 12:39:53,150.2,https://www.facebook.com/,/collections/all?utm_source=facebook&utm_medium=paid&fbclid=fb40785
#10194,customer5@example.com,2024-01-26 17:30:56,172.83,https://www.google.com/,/collections/all?utm_source=google&utm_medium=cpc&gclid=gc94113
#10195,customer173@example.com,2024-01-26 02:23:33,79.16,https://l.facebook.com/,/collections/all?utm_source=facebook&utm_medium=paid&fbclid=fb58761
#10196,customer149@example.com,2024-01-26 20:41:27,98.76,https://www.facebook.com/,/collections/all?utm_source=facebook&utm_medium=paid&fbclid=fb97512
#10197,customer62@example.com,2024-01-26 09:39:42,73.48,https://www.facebook.com/,/collections/all?utm_source=facebook&utm_medium=paid&fbclid=fb52493
#10198,customer61@example.com,2024-01-27 07:54:08,103.09,,/collections/all
#10199,customer111@example.com,2024-01-27 10:55:10,150.44,,/collections/all
#10200,customer114@example.com,2024-01-27 15:04:57,93.42,https://www.google.com/,/collections/all?utm_source=google&utm_medium=organic
#10201,customer87@example.com,2024-01-27 03:30:52,101.64,https://www.facebook.com/,/collections/all?utm_source=facebook&utm_medium=paid&fbclid=fb56003
#10202,customer3@example.com,2024-01-27 16:53:21,105.35,https://l.facebook.com/,/collections/all?utm_source=facebook&utm_medium=paid&fbclid=fb10085
#10203,customer2@example.com,2024-01-27 16:16:32,81.47,https://www.facebook.com/,/collections/all?utm_source=facebook&utm_medium=paid&fbclid=fb83246
#10204,customer96@example.com,2024-01-27 22:38:25,94.88,https://www.facebook.com/,/collections/all?utm_source=facebook&utm_medium=paid&fbclid=fb22589
#10205,customer115@example.com,2024-01-27 07:16:03,53.29,https://www.google.com/,/collections/all?utm_source=google&utm_medium=cpc&gclid=gc61978
#10206,customer174@example.com,2024-01-27 22:08:12,26.76,https://www.google.com/,/collections/all?utm_source=google&utm_medium=cpc&gclid=gc25539
#10207,customer165@example.com,2024-01-27 16:27:34,33.02,https://www.google.com/,/collections/all?utm_source=google&utm_medium=cpc&gclid=gc16594
#10208,customer182@example.com,2024-01-28 06:19:44,43.2,,/collections/all
#10209,customer111@example.com,2024-01-28 18:31:10,173.64,,/collections/all
#10210,customer121@example.com,2024-01-28 23:52:31,83.79,,/collections/all
#10211,customer131@example.com,2024-01-28 19:53:12,54.97,https://www.google.com/,/collections/all?utm_source=google&utm_medium=cpc&gclid=gc12338
#10212,customer137@example.com,2024-01-28 18:01:20,28.9,https://www.facebook.com/,/collections/all?utm_source=facebook&utm_medium=paid&fbclid=fb64456
#10213,customer101@example.com,2024-01-28 06:32:41,54.46,https://www.facebook.com/,/collections/all?utm_source=facebook&utm_medium=paid&fbclid=fb79608
#10214,customer12@example.com,2024-01-28 01:29:16,175.62,https://l.facebook.com/,/collections/all?utm_source=facebook&utm_medium=paid&fbclid=fb52147
#10215,customer178@example.com,2024-01-29 08:37:14,150.52,,/collections/all
#10216,customer43@example.com,2024-01-29 19:13:16,132.52,https://www.google.com/,/collections/all?utm_source=google&utm_medium=organic
#10217,customer176@example.com,2024-01-29 18:01:07,140.37,https://www.google.com/,/collections/all?utm_source=google&utm_medium=organic
#10218,customer134@example.com,2024-01-29 06:24:15,45.67,https://www.google.com/,/collections/all?utm_source=google&utm_medium=cpc&gclid=gc33535
#10219,customer108@example.com,2024-01-29 11:09:21,49.68,https://www.google.com/,/collections/all?utm_source=google&utm_medium=cpc&gclid=gc54698
#10220,customer9@example.com,2024-01-29 03:34:12,101.1,https://l.facebook.com/,/collections/all?utm_source=facebook&utm_medium=paid&fbclid=fb63352
#10221,customer197@example.com,2024-01-30 11:54:05,157.22,,/collections/all
#10222,customer2@example.com,2024-01-30 12:00:43,85.6,https://www.google.com/,/collections/all?utm_source=google&utm_medium=organic
#10223,customer104@example.com,2024-01-30 20:08:34,62.86,,/collections/all
#10224,customer28@example.com,2024-01-30 22:04:49,31.72,https://www.google.com/,/collections/all?utm_source=google&utm_medium=cpc&gclid=gc29708
#10225,customer147@example.com,2024-01-30 10:30:14,30.21,https://l.facebook.com/,/collections/all?utm_source=facebook&utm_medium=paid&fbclid=fb50246
#10226,customer80@example.com,2024-01-30 17:14:57,55.76,https://www.facebook.com/,/collections/all?utm_source=facebook&utm_medium=paid&fbclid=fb84665
#10227,customer26@example.com,2024-01-30 13:37:16,174.77,https://www.google.com/,/collections/all?utm_source=google&utm_medium=cpc&gclid=gc67151
#10228,customer185@example.com,2024-01-30 18:12:03,103.99,https://l.facebook.com/,/collections/all?utm_source=facebook&utm_medium=paid&fbclid=fb21885
#10229,customer77@example.com,2024-01-31 04:03:44,169.5,https://www.google.com/,/collections/all?utm_source=google&utm_medium=organic
#10230,customer179@example.com,2024-01-31 16:26:45,96.62,,/collections/all
#10231,customer19@example.com,2024-01-31 06:42:47,152.54,https://www.google.com/,/collections/all?utm_source=google&utm_medium=organic
#10232,customer92@example.com,2024-01-31 12:56:25,87.88,https://l.facebook.com/,/collections/all?utm_source=facebook&utm_medium=paid&fbclid=fb31818
#10233,customer100@example.com,2024-01-31 06:33:57,106.42,https://www.google.com/,/collections/all?utm_source=google&utm_medium=cpc&gclid=gc23673
#10234,customer171@example.com,2024-02-01 01:57:04,104.73,,/collections/all
#10235,customer174@example.com,2024-02-01 13:15:04,134.85,https://www.google.com/,/collections/all?utm_source=google&utm_medium=organic
#10236,customer165@example.com,2024-02-01 18:50:08,163.2,,/collections/all
#10237,customer82@example.com,2024-02-01 02:02:34,119.58,https://www.google.com/,/collections/all?utm_source=google&utm_medium=cpc&gclid=gc45342
#10238,customer63@example.com,2024-02-01 11:22:28,162.76,https://www.google.com/,/collections/all?utm_source=google&utm_medium=cpc&gclid=gc50397
#10239,customer46@example.com,2024-02-01 03:36:16,177.49,https://l.facebook.com/,/collections/all?utm_source=facebook&utm_medium=paid&fbclid=fb23787
#10240,customer176@example.com,2024-02-01 09:26:45,48.89,https://www.google.com/,/collections/all?utm_source=google&utm_medium=cpc&gclid=gc52511
#10241,customer32@example.com,2024-02-01 01:41:44,119.07,https://www.google.com/,/collections/all?utm_source=google&utm_medium=cpc&gclid=gc79037
#10242,customer5@example.com,2024-02-01 11:50:17,131.54,https://l.facebook.com/,/collections/all?utm_source=facebook&utm_medium=paid&fbclid=fb14604
#10243,customer176@example.com,2024-02-01 17:03:51,156.43,https://l.facebook.com/,/collections/all?utm_source=facebook&utm_medium=paid&fbclid=fb35278
#10244,customer185@example.com,2024-02-01 13:26:04,156.35,https://www.google.com/,/collections/all?utm_source=google&utm_medium=cpc&gclid=gc71102
#10245,customer43@example.com,2024-02-02 23:07:24,142.34,,/collections/all
#10246,customer108@example.com,2024-02-02 14:07:02,68.69,https://www.google.com/,/collections/all?utm_source=google&utm_medium=organic
#10247,customer17@example.com,2024-02-02 21:01:42,70.4,,/collections/all
#10248,customer178@example.com,2024-02-02 04:29:05,109.36,https://l.facebook.com/,/collections/all?utm_source=facebook&utm_medium=paid&fbclid=fb99745
#10249,customer48@example.com,2024-02-02 15:02:31,124.73,https://www.facebook.com/,/collections/all?utm_source=facebook&utm_medium=paid&fbclid=fb79133
#10250,customer156@example.com,2024-02-02 04:43:09,34.8,https://www.google.com/,/collections/all?utm_source=google&utm_medium=cpc&gclid=gc19475
#10251,customer56@example.com,2024-02-02 02:09:15,160.77,https://www.google.com/,/collections/all?utm_source=google&utm_medium=cpc&gclid=gc51719
#10252,customer178@example.com,2024-02-02 12:26:44,122.32,https://l.facebook.com/,/collections/all?utm_source=facebook&utm_medium=paid&fbclid=fb49826
#10253,customer182@example.com,2024-02-03 09:18:58,26.01,,/collections/all
#10254,customer4@example.com,2024-02-03 12:21:40,43.8,,/collections/all
#10255,customer178@example.com,2024-02-03 17:18:34,140.45,,/collections/all
#10256,customer160@example.com,2024-02-03 01:32:10,132.07,https://www.google.com/,/collections/all?utm_source=google&utm_medium=cpc&gclid=gc41950
#10257,customer95@example.com,2024-02-03 10:05:19,76.96,https://www.google.com/,/collections/all?utm_source=google&utm_medium=cpc&gclid=gc68205
#10258,customer82@example.com,2024-02-03 22:56:35,44.72,https://l.facebook.com/,/collections/all?utm_source=facebook&utm_medium=paid&fbclid=fb87634
#10259,customer31@example.com,2024-02-03 09:26:26,145.25,https://www.google.com/,/collections/all?utm_source=google&utm_medium=cpc&gclid=gc37801
#10260,customer116@example.com,2024-02-03 04:49:25,105.43,https://www.facebook.com/,/collections/all?utm_source=facebook&utm_medium=paid&fbclid=fb44571
#10261,customer141@example.com,2024-02-03 04:59:11,52.42,https://www.facebook.com/,/collections/all?utm_source=facebook&utm_medium=paid&fbclid=fb49576
#10262,customer131@example.com,2024-02-03 15:41:16,125.97,https://www.google.com/,/collections/all?utm_source=google&utm_medium=cpc&gclid=gc50377
#10263,customer82@example.com,2024-02-03 13:56:22,105.3,https://www.google.com/,/collections/all?utm_source=google&utm_medium=cpc&gclid=gc59982
#10264,customer66@example.com,2024-02-04 03:46:32,166.88,,/collections/all
#10265,customer59@example.com,2024-02-04 07:44:41,64.41,https://www.google.com/,/collections/all?utm_source=google&utm_medium=organic
#10266,customer13@example.com,2024-02-04 18:04:40,52.31,,/collections/all
#10267,customer126@example.com,2024-02-04 10:44:17,130.23,https://www.facebook.com/,/collections/all?utm_source=facebook&utm_medium=paid&fbclid=fb90601
#10268,customer174@example.com,2024-02-04 23:03:06,165.87,https://www.google.com/,/collections/all?utm_source=google&utm_medium=cpc&gclid=gc84742
#10269,customer52@example.com,2024-02-04 12:53:09,66.63,https://www.facebook.com/,/collections/all?utm_source=facebook&utm_medium=paid&fbclid=fb71062
#10270,customer119@example.com,2024-02-05 07:45:10,75.83,https://www.google.com/,/collections/all?utm_source=google&utm_medium=organic
#10271,customer186@example.com,2024-02-05 13:22:02,91.04,,/collections/all
#10272,customer111@example.com,2024-02-06 20:12:44,131.95,https://www.google.com/,/collections/all?utm_source=google&utm_medium=organic
#10273,customer6@example.com,2024-02-06 15:52:52,85.84,,/collections/all
#10274,customer8@example.com,2024-02-06 06:42:41,75.98,,/collections/all
#10275,customer101@example.com,2024-02-07 10:24:02,37.13,https://www.google.com/,/collections/all?utm_source=google&utm_medium=organic
#10276,customer83@example.com,2024-02-07 10:45:01,135.09,,/collections/all
#10277,customer116@example.com,2024-02-07 23:28:31,172.13,,/collections/all
#10278,customer99@example.com,2024-02-08 00:34:38,53.29,,/collections/all
#10279,customer57@example.com,2024-02-08 06:18:32,83.28,https://www.google.com/,/collections/all?utm_source=google&utm_medium=organic
#10280,customer179@example.com,2024-02-08 09:15:43,102.21,,/collections/all
#10281,customer64@example.com,2024-02-08 12:30:38,129.53,,/collections/all
#10282,customer199@example.com,2024-02-08 18:52:00,43.7,,/collections/all
#10283,customer129@example.com,2024-02-08 19:03:31,144.8,,/collections/all
#10284,customer102@example.com,2024-02-08 06:15:05,152.68,,/collections/all
#10285,customer153@example.com,2024-02-09 18:09:41,83.65,https://www.google.com/,/collections/all?utm_source=google&utm_medium=organic
#10286,customer128@example.com,2024-02-10 04:22:30,178.84,,/collections/all
#10287,customer185@example.com,2024-02-10 09:50:21,46.52,https://www.google.com/,/collections/all?utm_source=google&utm_medium=organic
#10288,customer167@example.com,2024-02-10 05:00:07,108.53,,/collections/all
#10289,customer160@example.com,2024-02-10 11:02:09,163.0,,/collections/all
#10290,customer64@example.com,2024-02-11 18:45:06,51.19,,/collections/all
#10291,customer100@example.com,2024-02-11 20:54:58,98.23,,/collections/all
#10292,customer119@example.com,2024-02-11 07:54:01,125.5,,/collections/all
#10293,customer112@example.com,2024-02-11 22:45:32,138.84,https://l.facebook.com/,/collections/all?utm_source=facebook&utm_medium=paid&fbclid=fb60762
#10294,customer47@example.com,2024-02-12 02:21:51,52.28,https://www.google.com/,/collections/all?utm_source=google&utm_medium=organic
#10295,customer42@example.com,2024-02-12 06:53:48,101.77,,/collections/all
#10296,customer84@example.com,2024-02-12 23:30:30,118.04,,/collections/all
#10297,customer20@example.com,2024-02-12 08:40:17,142.55,https://www.google.com/,/collections/all?utm_source=google&utm_medium=cpc&gclid=gc79685
#10298,customer57@example.com,2024-02-12 16:12:36,150.7,https://www.google.com/,/collections/all?utm_source=google&utm_medium=cpc&gclid=gc73496
#10299,customer180@example.com,2024-02-12 16:17:40,31.31,https://l.facebook.com/,/collections/all?utm_source=facebook&utm_medium=paid&fbclid=fb96532
#10300,customer79@example.com,2024-02-12 07:13:32,50.66,https://www.google.com/,/collections/all?utm_source=google&utm_medium=cpc&gclid=gc48890
#10301,customer155@example.com,2024-02-13 03:56:26,67.84,,/collections/all
#10302,customer16@example.com,2024-02-13 05:36:40,90.76,https://www.google.com/,/collections/all?utm_source=google&utm_medium=organic
#10303,customer104@example.com,2024-02-13 11:11:03,45.83,,/collections/all
#10304,customer125@example.com,2024-02-13 19:00:20,108.76,https://www.facebook.com/,/collections/all?utm_source=facebook&utm_medium=paid&fbclid=fb72063
#10305,customer122@example.com,2024-02-13 08:37:52,77.92,https://www.google.com/,/collections/all?utm_source=google&utm_medium=cpc&gclid=gc99102
#10306,customer75@example.com,2024-02-13 02:03:14,176.91,https://l.facebook.com/,/collections/all?utm_source=facebook&utm_medium=paid&fbclid=fb48817
#10307,customer195@example.com,2024-02-13 23:05:32,163.04,https://www.google.com/,/collections/all?utm_source=google&utm_medium=cpc&gclid=gc27925
#10308,customer106@example.com,2024-02-13 09:06:18,149.75,https://l.facebook.com/,/collections/all?utm_source=facebook&utm_medium=paid&fbclid=fb69865
#10309,customer61@example.com,2024-02-13 05:22:21,49.6,https://l.facebook.com/,/collections/all?utm_source=facebook&utm_medium=paid&fbclid=fb86011
#10310,customer58@example.com,2024-02-13 17:12:09,37.67,https://www.google.com/,/collections/all?utm_source=google&utm_medium=cpc&gclid=gc46938
#10311,customer85@example.com,2024-02-14 10:31:45,90.79,,/collections/all
#10312,customer157@example.com,2024-02-14 15:03:28,32.94,,/collections/all
#10313,customer131@example.com,2024-02-14 07:43:54,160.21,,/collections/all
#10314,customer80@example.com,2024-02-14 21:53:46,108.97,https://www.facebook.com/,/collections/all?utm_source=facebook&utm_medium=paid&fbclid=fb14251
#10315,customer155@example.com,2024-02-14 17:52:52,110.71,https://www.facebook.com/,/collections/all?utm_source=facebook&utm_medium=paid&fbclid=fb61084
#10316,customer22@example.com,2024-02-14 01:15:56,146.18,https://www.google.com/,/collections/all?utm_source=google&utm_medium=cpc&gclid=gc38238
#10317,customer193@example.com,2024-02-14 19:20:25,100.92,https://www.google.com/,/collections/all?utm_source=google&utm_medium=cpc&gclid=gc93582
#10318,customer129@example.com,2024-02-15 14:30:36,75.15,https://www.google.com/,/collections/all?utm_source=google&utm_medium=organic
#10319,customer63@example.com,2024-02-15 02:07:47,155.83,https://www.google.com/,/collections/all?utm_source=google&utm_medium=organic
#10320,customer6@example.com,2024-02-15 13:17:29,164.69,,/collections/all
#10321,customer101@example.com,2024-02-15 11:29:19,174.26,https://www.facebook.com/,/collections/all?utm_source=facebook&utm_medium=paid&fbclid=fb49821
#10322,customer154@example.com,2024-02-15 19:40:16,116.99,https://www.google.com/,/collections/all?utm_source=google&utm_medium=cpc&gclid=gc88187
#10323,customer118@example.com,2024-02-15 13:17:54,125.29,https://l.facebook.com/,/collections/all?utm_source=facebook&utm_medium=paid&fbclid=fb17663
#10324,customer130@example.com,2024-02-16 21:42:05,162.8,,/collections/all
#10325,customer31@example.com,2024-02-16 09:21:25,121.48,,/collections/all
#10326,customer12@example.com,2024-02-16 09:39:59,25.99,,/collections/all
#10327,customer27@example.com,2024-02-16 18:48:19,129.2,https://l.facebook.com/,/collections/all?utm_source=facebook&utm_medium=paid&fbclid=fb61418
#10328,customer16@example.com,2024-02-16 03:54:04,150.03,https://www.google.com/,/collections/all?utm_source=google&utm_medium=cpc&gclid=gc64391
#10329,customer111@example.com,2024-02-16 01:34:20,53.44,https://l.facebook.com/,/collections/all?utm_source=facebook&utm_medium=paid&fbclid=fb33964
#10330,customer164@example.com,2024-02-16 15:31:27,172.45,https://l.facebook.com/,/collections/all?utm_source=facebook&utm_medium=paid&fbclid=fb65109
#10331,customer164@example.com,2024-02-16 12:37:36,101.93,https://l.facebook.com/,/collections/all?utm_source=facebook&utm_medium=paid&fbclid=fb52363
#10332,customer13@example.com,2024-02-16 00:50:37,49.32,https://www.facebook.com/,/collections/all?utm_source=facebook&utm_medium=paid&fbclid=fb44082
#10333,customer96@example.com,2024-02-16 10:58:42,39.46,https://l.facebook.com/,/collections/all?utm_source=facebook&utm_medium=paid&fbclid=fb68464
#10334,customer138@example.com,2024-02-17 15:00:49,29.89,,/collections/all
#10335,customer22@example.com,2024-02-17 16:14:55,132.0,,/collections/all
#10336,customer199@example.com,2024-02-17 16:05:34,52.36,,/collections/all
#10337,customer2@example.com,2024-02-17 00:08:44,176.96,https://www.google.com/,/collections/all?utm_source=google&utm_medium=cpc&gclid=gc29579
#10338,customer149@example.com,2024-02-17 09:58:45,67.14,https://l.facebook.com/,/collections/all?utm_source=facebook&utm_medium=paid&fbclid=fb29455
#10339,customer8@example.com,2024-02-17 21:59:05,142.81,https://l.facebook.com/,/collections/all?utm_source=facebook&utm_medium=paid&fbclid=fb23663
#10340,customer122@example.com,2024-02-17 21:58:34,178.35,https://www.google.com/,/collections/all?utm_source=google&utm_medium=cpc&gclid=gc14015
#10341,customer24@example.com,2024-02-17 07:59:03,54.21,https://l.facebook.com/,/collections/all?utm_source=facebook&utm_medium=paid&fbclid=fb80909
#10342,customer10@example.com,2024-02-17 14:20:50,86.1,https://l.facebook.com/,/collections/all?utm_source=facebook&utm_medium=paid&fbclid=fb21614
#10343,customer78@example.com,2024-02-18 10:50:34,27.46,,/collections/all
#10344,customer122@example.com,2024-02-18 22:58:10,91.57,,/collections/all
#10345,customer49@example.com,2024-02-18 12:32:55,86.7,https://www.google.com/,/collections/all?utm_source=google&utm_medium=organic
#10346,customer91@example.com,2024-02-18 08:34:40,117.46,https://l.facebook.com/,/collections/all?utm_source=facebook&utm_medium=paid&fbclid=fb58776
#10347,customer83@example.com,2024-02-18 20:47:42,126.0,https://www.google.com/,/collections/all?utm_source=google&utm_medium=cpc&gclid=gc52709
#10348,customer33@example.com,2024-02-18 15:12:16,38.9,https://www.google.com/,/collections/all?utm_source=google&utm_medium=cpc&gclid=gc68794
#10349,customer167@example.com,2024-02-18 23:32:32,28.6,https://www.facebook.com/,/collections/all?utm_source=facebook&utm_medium=paid&fbclid=fb37292
#10350,customer78@example.com,2024-02-18 03:23:02,31.63,https://www.google.com/,/collections/all?utm_source=google&utm_medium=cpc&gclid=gc65459
#10351,customer102@example.com,2024-02-18 05:07:45,172.69,https://l.facebook.com/,/collections/all?utm_source=facebook&utm_medium=paid&fbclid=fb46101
#10352,customer147@example.com,2024-02-19 10:40:57,31.11,https://www.google.com/,/collections/all?utm_source=google&utm_medium=organic
#10353,customer160@example.com,2024-02-19 08:28:40,163.76,,/collections/all
#10354,customer181@example.com,2024-02-19 06:08:28,129.2,,/collections/all
#10355,customer139@example.com,2024-02-19 20:32:53,161.4,https://l.facebook.com/,/collections/all?utm_source=facebook&utm_medium=paid&fbclid=fb26020
#10356,customer61@example.com,2024-02-19 23:31:53,133.12,https://www.google.com/,/collections/all?utm_source=google&utm_medium=cpc&gclid=gc31913
#10357,customer164@example.com,2024-02-19 04:24:20,46.71,https://l.facebook.com/,/collections/all?utm_source=facebook&utm_medium=paid&fbclid=fb20047
#10358,customer4@example.com,2024-02-19 06:05:15,97.4,https://l.facebook.com/,/collections/all?utm_source=facebook&utm_medium=paid&fbclid=fb16932
#10359,customer135@example.com,2024-02-19 13:54:54,38.19,https://l.facebook.com/,/collections/all?utm_source=facebook&utm_medium=paid&fbclid=fb84293
#10360,customer103@example.com,2024-02-19 16:09:59,28.89,https://www.google.com/,/collections/all?utm_source=google&utm_medium=cpc&gclid=gc14656
#10361,customer31@example.com,2024-02-19 03:55:55,176.24,https://www.facebook.com/,/collections/all?utm_source=facebook&utm_medium=paid&fbclid=fb57406
#10362,customer156@example.com,2024-02-19 13:02:23,87.77,https://www.facebook.com/,/collections/all?utm_source=facebook&utm_medium=paid&fbclid=fb19922
#10363,customer182@example.com,2024-02-20 12:02:42,58.18,,/collections/all
#10364,customer77@example.com,2024-02-20 09:41:32,125.61,https://www.google.com/,/collections/all?utm_source=google&utm_medium=organic
#10365,customer60@example.com,2024-02-20 02:33:45,142.51,https://www.google.com/,/collections/all?utm_source=google&utm_medium=organic
#10366,customer70@example.com,2024-02-20 20:14:08,35.77,https://www.facebook.com/,/collections/all?utm_source=facebook&utm_medium=paid&fbclid=fb46624
#10367,customer112@example.com,2024-02-20 20:57:19,49.48,https://www.facebook.com/,/collections/all?utm_source=facebook&utm_medium=paid&fbclid=fb53663
#10368,customer32@example.com,2024-02-20 10:17:44,86.09,https://www.google.com/,/collections/all?utm_source=google&utm_medium=cpc&gclid=gc72368
#10369,customer63@example.com,2024-02-20 07:45:23,27.4,https://www.google.com/,/collections/all?utm_source=google&utm_medium=cpc&gclid=gc81838
#10370,customer168@example.com,2024-02-20 05:28:59,101.39,https://www.facebook.com/,/collections/all?utm_source=facebook&utm_medium=paid&fbclid=fb40060
#10371,customer107@example.com,2024-02-20 19:01:05,122.18,https://www.google.com/,/collections/all?utm_source=google&utm_medium=cpc&gclid=gc60673
#10372,customer184@example.com,2024-02-20 10:30:56,93.83,https://www.facebook.com/,/collections/all?utm_source=facebook&utm_medium=paid&fbclid=fb99661
#10373,customer5@example.com,2024-02-21 13:48:49,172.63,https://www.google.com/,/collections/all?utm_source=google&utm_medium=organic
#10374,customer63@example.com,2024-02-21 16:50:07,75.07,,/collections/all
#10375,customer11@example.com,2024-02-21 02:40:49,109.22,,/collections/all
#10376,customer140@example.com,2024-02-21 05:06:24,117.19,https://l.facebook.com/,/collections/all?utm_source=facebook&utm_medium=paid&fbclid=fb27334
#10377,customer129@example.com,2024-02-21 21:08:17,127.55,https://www.google.com/,/collections/all?utm_source=google&utm_medium=cpc&gclid=gc47871
#10378,customer42@example.com,2024-02-21 14:42:30,58.33,https://www.facebook.com/,/collections/all?utm_source=facebook&utm_medium=paid&fbclid=fb72414
#10379,customer30@example.com,2024-02-22 02:22:04,83.78,,/collections/all
#10380,customer84@example.com,2024-02-22 21:48:37,68.37,https://www.google.com/,/collections/all?utm_source=google&utm_medium=organic
#10381,customer165@example.com,2024-02-22 20:32:22,86.49,,/collections/all
#10382,customer42@example.com,2024-02-22 17:37:45,116.16,https://l.facebook.com/,/collections/all?utm_source=facebook&utm_medium=paid&fbclid=fb94223
#10383,customer74@example.com,2024-02-22 06:28:09,123.24,https://l.facebook.com/,/collections/all?utm_source=facebook&utm_medium=paid&fbclid=fb79033
#10384,customer120@example.com,2024-02-23 04:52:20,158.98,https://www.google.com/,/collections/all?utm_source=google&utm_medium=organic
#10385,customer4@example.com,2024-02-23 14:29:12,41.73,,/collections/all
#10386,customer141@example.com,2024-02-23 16:51:58,37.08,https://www.google.com/,/collections/all?utm_source=google&utm_medium=organic
#10387,customer38@example.com,2024-02-23 07:54:11,145.35,https://l.facebook.com/,/collections/all?utm_source=facebook&utm_medium=paid&fbclid=fb30659
#10388,customer155@example.com,2024-02-23 05:29:48,50.83,https://www.facebook.com/,/collections/all?utm_source=facebook&utm_medium=paid&fbclid=fb61957
#10389,customer76@example.com,2024-02-23 18:32:40,36.5,https://l.facebook.com/,/collections/all?utm_source=facebook&utm_medium=paid&fbclid=fb32067
#10390,customer175@example.com,2024-02-23 10:16:59,108.28,https://www.google.com/,/collections/all?utm_source=google&utm_medium=cpc&gclid=gc40579
#10391,customer10@example.com,2024-02-24 05:22:38,170.83,,/collections/all
#10392,customer84@example.com,2024-02-24 07:16:38,136.45,,/collections/all
#10393,customer100@example.com,2024-02-24 23:54:02,28.74,,/collections/all
#10394,customer11@example.com,2024-02-24 10:49:33,148.77,https://l.facebook.com/,/collections/all?utm_source=facebook&utm_medium=paid&fbclid=fb98801
#10395,customer14@example.com,2024-02-24 22:27:30,88.41,https://l.facebook.com/,/collections/all?utm_source=facebook&utm_medium=paid&fbclid=fb88819
#10396,customer90@example.com,2024-02-24 05:30:35,152.81,https://www.google.com/,/collections/all?utm_source=google&utm_medium=cpc&gclid=gc90377
#10397,customer129@example.com,2024-02-24 17:26:19,158.35,https://www.google.com/,/collections/all?utm_source=google&utm_medium=cpc&gclid=gc92884
#10398,customer132@example.com,2024-02-24 01:58:26,84.89,https://l.facebook.com/,/collections/all?utm_source=facebook&utm_medium=paid&fbclid=fb90501
#10399,customer106@example.com,2024-02-24 21:03:35,68.37,https://www.facebook.com/,/collections/all?utm_source=facebook&utm_medium=paid&fbclid=fb81724
#10400,customer18@example.com,2024-02-25 12:56:15,96.61,,/collections/all
#10401,customer46@example.com,2024-02-25 19:18:17,142.47,,/collections/all
#10402,customer23@example.com,2024-02-25 07:00:18,35.64,,/collections/all
#10403,customer142@example.com,2024-02-25 12:09:25,41.5,https://www.google.com/,/collections/all?utm_source=google&utm_medium=cpc&gclid=gc95420
#10404,customer99@example.com,2024-02-25 04:02:52,164.68,https://www.google.com/,/collections/all?utm_source=google&utm_medium=cpc&gclid=gc47270
#10405,customer25@example.com,2024-02-25 17:16:29,54.58,https://l.facebook.com/,/collections/all?utm_source=facebook&utm_medium=paid&fbclid=fb70417
#10406,customer197@example.com,2024-02-25 23:10:01,82.03,https://www.google.com/,/collections/all?utm_source=google&utm_medium=cpc&gclid=gc72355
#10407,customer147@example.com,2024-02-25 09:15:02,123.03,https://www.facebook.com/,/collections/all?utm_source=facebook&utm_medium=paid&fbclid=fb99746
#10408,customer189@example.com,2024-02-25 03:34:12,52.75,https://www.google.com/,/collections/all?utm_source=google&utm_medium=cpc&gclid=gc84754
#10409,customer45@example.com,2024-02-25 11:58:58,30.92,https://l.facebook.com/,/collections/all?utm_source=facebook&utm_medium=paid&fbclid=fb42085
#10410,customer61@example.com,2024-02-26 09:43:23,144.0,,/collections/all
#10411,customer110@example.com,2024-02-26 16:22:45,118.65,,/collections/all
#10412,customer60@example.com,2024-02-26 02:34:54,124.16,https://www.google.com/,/collections/all?utm_source=google&utm_medium=organic
#10413,customer89@example.com,2024-02-26 19:15:17,84.99,https://www.google.com/,/collections/all?utm_source=google&utm_medium=cpc&gclid=gc65307
#10414,customer182@example.com,2024-02-26 17:35:21,81.91,https://www.google.com/,/collections/all?utm_source=google&utm_medium=cpc&gclid=gc96540
#10415,customer109@example.com,2024-02-26 00:33:32,103.13,https://www.google.com/,/collections/all?utm_source=google&utm_medium=cpc&gclid=gc12764
#10416,customer11@example.com,2024-02-26 02:38:54,117.11,https://www.google.com/,/collections/all?utm_source=google&utm_medium=cpc&gclid=gc60336
#10417,customer43@example.com,2024-02-26 12:36:03,58.17,https://www.facebook.com/,/collections/all?utm_source=facebook&utm_medium=paid&fbclid=fb56407
#10418,customer124@example.com,2024-02-27 21:07:55,85.34,,/collections/all
#10419,customer5@example.com,2024-02-27 03:38:45,31.15,,/collections/all
#10420,customer171@example.com,2024-02-27 08:52:54,29.4,,/collections/all
#10421,customer96@example.com,2024-02-27 06:40:07,164.94,https://www.google.com/,/collections/all?utm_source=google&utm_medium=cpc&gclid=gc69077
#10422,customer140@example.com,2024-02-27 18:05:59,62.47,https://www.google.com/,/collections/all?utm_source=google&utm_medium=cpc&gclid=gc82411
#10423,customer42@example.com,2024-02-27 13:54:13,40.12,https://www.google.com/,/collections/all?utm_source=google&utm_medium=cpc&gclid=gc76599
#10424,customer189@example.com,2024-02-28 12:20:55,63.8,,/collections/all
#10425,customer161@example.com,2024-02-28 17:42:16,151.72,https://www.google.com/,/collections/all?utm_source=google&utm_medium=organic
#10426,customer108@example.com,2024-02-28 03:50:58,44.49,,/collections/all
#10427,customer116@example.com,2024-02-28 22:11:54,164.91,https://l.facebook.com/,/collections/all?utm_source=facebook&utm_medium=paid&fbclid=fb66074
#10428,customer50@example.com,2024-02-28 18:52:26,62.98,https://l.facebook.com/,/collections/all?utm_source=facebook&utm_medium=paid&fbclid=fb62360
#10429,customer112@example.com,2024-02-28 16:58:00,55.99,https://www.google.com/,/collections/all?utm_source=google&utm_medium=cpc&gclid=gc54636
#10430,customer29@example.com,2024-02-28 11:05:46,128.7,https://www.facebook.com/,/collections/all?utm_source=facebook&utm_medium=paid&fbclid=fb29622
#10431,customer75@example.com,2024-02-28 20:12:58,90.61,https://www.google.com/,/collections/all?utm_source=google&utm_medium=cpc&gclid=gc33207
#10432,customer90@example.com,2024-02-28 16:31:38,145.47,https://www.google.com/,/collections/all?utm_source=google&utm_medium=cpc&gclid=gc26278
#10433,customer18@example.com,2024-02-28 03:44:24,38.09,https://www.google.com/,/collections/all?utm_source=google&utm_medium=cpc&gclid=gc72874
#10434,customer20@example.com,2024-02-28 23:18:42,42.0,https://www.google.com/,/collections/all?utm_source=google&utm_medium=cpc&gclid=gc26926
#10435,customer103@example.com,2024-02-28 12:18:15,160.23,https://www.google.com/,/collections/all?utm_source=google&utm_medium=cpc&gclid=gc21224
#10436,customer134@example.com,2024-02-29 08:23:53,82.75,,/collections/all
#10437,customer15@example.com,2024-02-29 14:22:49,177.55,,/collections/all
#10438,customer177@example.com,2024-02-29 06:25:51,51.94,https://www.google.com/,/collections/all?utm_source=google&utm_medium=organic
#10439,customer87@example.com,2024-02-29 06:29:04,58.55,https://www.facebook.com/,/collections/all?utm_source=facebook&utm_medium=paid&fbclid=fb78579
#10440,customer159@example.com,2024-02-29 19:15:44,172.79,https://www.facebook.com/,/collections/all?utm_source=facebook&utm_medium=paid&fbclid=fb88519
#10441,customer46@example.com,2024-02-29 16:46:10,129.5,https://www.facebook.com/,/collections/all?utm_source=facebook&utm_medium=paid&fbclid=fb79215
#10442,customer113@example.com,2024-02-29 23:36:44,150.54,https://www.facebook.com/,/collections/all?utm_source=facebook&utm_medium=paid&fbclid=fb82630
#10443,customer47@example.com,2024-02-29 21:04:03,54.59,https://www.google.com/,/collections/all?utm_source=google&utm_medium=cpc&gclid=gc18482
